<ImportExportXml xmlns:xsi="http://www.w3.org/2001/XMLSchema-instance">
  <Entities></Entities>
  <Roles></Roles>
  <Workflows>
    <Workflow WorkflowId="{d05e8f5c-beed-48fd-b41e-8837bf2ccd8f}" Name="MinhaPrimeiraAction">
      <XamlFileName>/Workflows/MinhaPrimeiraAction-D05E8F5C-BEED-48FD-B41E-8837BF2CCD8F.xaml</XamlFileName>
      <Type>1</Type>
      <Subprocess>0</Subprocess>
      <Category>3</Category>
      <Mode>0</Mode>
      <Scope>2</Scope>
      <OnDemand>0</OnDemand>
      <TriggerOnCreate>1</TriggerOnCreate>
      <TriggerOnDelete>0</TriggerOnDelete>
      <AsyncAutodelete>0</AsyncAutodelete>
      <SyncWorkflowLogOnFailure>1</SyncWorkflowLogOnFailure>
      <StateCode>1</StateCode>
      <StatusCode>2</StatusCode>
      <CreateStage>40</CreateStage>
      <RunAs>1</RunAs>
      <SdkMessageId>{6acb14b2-8f7a-ee11-8178-002248d30596}</SdkMessageId>
      <UniqueName>MinhaPrimeiraAction</UniqueName>
      <IsTransacted>1</IsTransacted>
      <IntroducedVersion>1.0.0</IntroducedVersion>
      <IsCustomizable>1</IsCustomizable>
      <FormId>{00000000-0000-0000-0000-000000000000}</FormId>
      <IsCustomProcessingStepAllowedForOtherPublishers>1</IsCustomProcessingStepAllowedForOtherPublishers>
      <PrimaryEntity>none</PrimaryEntity>
      <LocalizedNames>
        <LocalizedName languagecode="1046" description="MinhaPrimeiraAction" />
      </LocalizedNames>
    </Workflow>
    <Workflow WorkflowId="{76d672ce-19e5-482c-aa74-e016bdada8f4}" Name="ActionCep">
      <XamlFileName>/Workflows/ActionCep-76D672CE-19E5-482C-AA74-E016BDADA8F4.xaml</XamlFileName>
      <Type>1</Type>
      <Subprocess>0</Subprocess>
      <Category>3</Category>
      <Mode>0</Mode>
      <Scope>4</Scope>
      <OnDemand>0</OnDemand>
      <TriggerOnCreate>0</TriggerOnCreate>
      <TriggerOnDelete>0</TriggerOnDelete>
      <AsyncAutodelete>0</AsyncAutodelete>
      <SyncWorkflowLogOnFailure>1</SyncWorkflowLogOnFailure>
      <StateCode>0</StateCode>
      <StatusCode>1</StatusCode>
      <CreateStage>40</CreateStage>
      <RunAs>1</RunAs>
      <SdkMessageId>{af46436b-b77a-ee11-8178-002248e0dc07}</SdkMessageId>
      <UniqueName>ActionCepae46436bb77aee118178002248e0dc07</UniqueName>
      <IsTransacted>1</IsTransacted>
      <IntroducedVersion>1.0.0</IntroducedVersion>
      <IsCustomizable>1</IsCustomizable>
      <FormId>{00000000-0000-0000-0000-000000000000}</FormId>
      <IsCustomProcessingStepAllowedForOtherPublishers>1</IsCustomProcessingStepAllowedForOtherPublishers>
      <PrimaryEntity>none</PrimaryEntity>
      <LocalizedNames>
        <LocalizedName languagecode="1046" description="ActionCep" />
      </LocalizedNames>
    </Workflow>
  </Workflows>
  <FieldSecurityProfiles></FieldSecurityProfiles>
  <Templates />
  <EntityMaps />
  <EntityRelationships />
  <OrganizationSettings />
  <optionsets />
  <WebResources>
    <WebResource>
      <WebResourceId>{4b9a893e-8e7a-ee11-8178-002248d30596}</WebResourceId>
      <Name>new_Script_JS_Ribbon_Desafio</Name>
      <DisplayName>Script JS para o desafio Ribbon </DisplayName>
      <WebResourceType>3</WebResourceType>
      <IntroducedVersion>1.0.0</IntroducedVersion>
      <IsEnabledForMobileClient>0</IsEnabledForMobileClient>
      <IsAvailableForMobileOffline>0</IsAvailableForMobileOffline>
      <DependencyXml>&lt;Dependencies&gt;&lt;Dependency componentType="WebResource"/&gt;&lt;/Dependencies&gt;</DependencyXml>
      <IsCustomizable>1</IsCustomizable>
      <CanBeDeleted>1</CanBeDeleted>
      <IsHidden>0</IsHidden>
      <FileName>/WebResources/new_Script_JS_Ribbon_Desafio4B9A893E-8E7A-EE11-8178-002248D30596</FileName>
    </WebResource>
    <WebResource>
      <WebResourceId>{bfca146a-a17a-ee11-8178-002248d30596}</WebResourceId>
      <Name>new_Script_JS_Ribbon_CEP</Name>
      <DisplayName>Script JS para Ribbon CEP</DisplayName>
      <WebResourceType>3</WebResourceType>
      <IntroducedVersion>1.0.0</IntroducedVersion>
      <IsEnabledForMobileClient>0</IsEnabledForMobileClient>
      <IsAvailableForMobileOffline>0</IsAvailableForMobileOffline>
      <DependencyXml>&lt;Dependencies&gt;&lt;Dependency componentType="WebResource"/&gt;&lt;/Dependencies&gt;</DependencyXml>
      <IsCustomizable>1</IsCustomizable>
      <CanBeDeleted>1</CanBeDeleted>
      <IsHidden>0</IsHidden>
      <FileName>/WebResources/new_Script_JS_Ribbon_CEPBFCA146A-A17A-EE11-8178-002248D30596</FileName>
    </WebResource>
  </WebResources>
  <CustomControls />
  <EntityDataProviders />
  <Languages>
    <Language>1046</Language>
  </Languages>
</ImportExportXml>