{
  "properties": {
    "connectionReferences": {
      "shared_outlook": {
        "runtimeSource": "invoker",
        "connection": {
          "connectionReferenceLogicalName": "curso_sharedoutlook_a015f"
        },
        "api": {
          "name": "shared_outlook"
        }
      }
    },
    "definition": {
      "$schema": "https://schema.management.azure.com/providers/Microsoft.Logic/schemas/2016-06-01/workflowdefinition.json#",
      "contentVersion": "1.0.0.0",
      "parameters": {
        "$connections": {
          "defaultValue": {},
          "type": "Object"
        },
        "$authentication": {
          "defaultValue": {},
          "type": "SecureObject"
        }
      },
      "triggers": {
        "manual": {
          "metadata": {
            "operationMetadataId": "f38f8d68-536d-416f-a3a8-0cfbc9c90821"
          },
          "type": "Request",
          "kind": "PowerAppV2",
          "inputs": {
            "schema": {
              "type": "object",
              "properties": {
                "email": {
                  "title": "Email",
                  "type": "string",
                  "format": "email",
                  "x-ms-dynamically-added": true,
                  "description": "Digite um endereço de email",
                  "x-ms-content-hint": "EMAIL"
                },
                "text": {
                  "title": "Entrada",
                  "type": "string",
                  "x-ms-dynamically-added": true,
                  "description": "Insira sua entrada",
                  "x-ms-content-hint": "TEXT"
                },
                "text_1": {
                  "title": "Entrada 1",
                  "type": "string",
                  "x-ms-dynamically-added": true,
                  "description": "Insira sua entrada",
                  "x-ms-content-hint": "TEXT"
                }
              },
              "required": [
                "email",
                "text",
                "text_1"
              ]
            }
          }
        }
      },
      "actions": {
        "Enviar_um_email_(V2)": {
          "runAfter": {},
          "metadata": {
            "operationMetadataId": "c589bab3-25f9-412d-b203-b7243dd0066b"
          },
          "type": "OpenApiConnection",
          "inputs": {
            "host": {
              "connectionName": "shared_outlook",
              "operationId": "SendEmailV2",
              "apiId": "/providers/Microsoft.PowerApps/apis/shared_outlook"
            },
            "parameters": {
              "emailMessage/To": "@triggerBody()['email']",
              "emailMessage/Subject": "Novo curso habilitado",
              "emailMessage/Body": "<p>Olá @{triggerBody()['text']}<br>\nVocê foi inscrito no curso @{triggerBody()['text_1']} para que você seja um estudante.<br>\nBom estudos.<br>\nEquipe treinamento.</p>",
              "emailMessage/Importance": "Normal"
            },
            "authentication": "@parameters('$authentication')"
          }
        }
      }
    },
    "templateName": ""
  },
  "schemaVersion": "1.0.0.0"
}